up_left,mid_left,down_left,up_right,mid_right,down_right
"[428.0, 385.0]","[385.0, 485.0]","[289.0, 668.0]","[861.0, 385.0]","[910.0, 485.0]","[995.0, 668.0]"
"[427.9744567871094, 385.03887939453125]","[384.9465026855469, 485.0995788574219]","[288.85626220703125, 668.26806640625]","[861.2733764648438, 385.08990478515625]","[910.386474609375, 485.1908874511719]","[995.6300048828125, 668.4634399414062]"
"[428.02752685546875, 385.0404357910156]","[385.0133361816406, 485.079345703125]","[288.9610290527344, 668.1819458007812]","[861.3994140625, 385.1064453125]","[910.5252685546875, 485.2048645019531]","[995.7863159179688, 668.462646484375]"
"[427.9687805175781, 385.05255126953125]","[384.9193115234375, 485.12432861328125]","[288.779296875, 668.3208618164062]","[861.527587890625, 385.1553039550781]","[910.7059326171875, 485.31512451171875]","[996.086181640625, 668.7406005859375]"
"[427.9931640625, 385.0218505859375]","[384.9806823730469, 484.97216796875]","[288.97955322265625, 667.8385009765625]","[860.9991455078125, 385.1112365722656]","[909.9540405273438, 485.0906066894531]","[994.8575439453125, 668.0224609375]"
"[427.9716491699219, 385.00830078125]","[384.93646240234375, 485.0444641113281]","[288.8409729003906, 668.1524047851562]","[861.3259887695312, 385.05987548828125]","[910.4357299804688, 485.1501159667969]","[995.6710205078125, 668.400634765625]"
"[428.0015563964844, 385.0334777832031]","[384.9698486328125, 485.0738220214844]","[288.8846130371094, 668.1843872070312]","[861.2899169921875, 385.0736999511719]","[910.3771362304688, 485.1546936035156]","[995.5648193359375, 668.3722534179688]"
"[427.998291015625, 385.0341491699219]","[384.96893310546875, 485.10406494140625]","[288.8714599609375, 668.2993774414062]","[861.3055419921875, 385.05712890625]","[910.4290771484375, 485.163330078125]","[995.6965942382812, 668.4564208984375]"
"[428.0375671386719, 385.0419616699219]","[385.0179748535156, 485.10693359375]","[288.9446716308594, 668.27783203125]","[861.3834838867188, 385.0422668457031]","[910.5052490234375, 485.13323974609375]","[995.7593383789062, 668.3770141601562]"
"[428.0312194824219, 385.0389404296875]","[385.0207214355469, 485.0829772949219]","[288.97857666015625, 668.1973266601562]","[861.2308349609375, 385.0052490234375]","[910.3040161132812, 485.05657958984375]","[995.4568481445312, 668.1973876953125]"
"[428.05084228515625, 385.07135009765625]","[385.05462646484375, 485.1285400390625]","[289.0263366699219, 668.2898559570312]","[861.2057495117188, 385.0758972167969]","[910.30322265625, 485.1395263671875]","[995.5086669921875, 668.3181762695312]"
"[428.0909423828125, 384.9751892089844]","[385.133544921875, 484.9349365234375]","[289.23455810546875, 667.825927734375]","[860.9617919921875, 384.9471740722656]","[909.9346923828125, 484.89190673828125]","[994.8658447265625, 667.7457885742188]"
"[428.0526123046875, 385.07666015625]","[385.04730224609375, 485.145263671875]","[289.0007629394531, 668.3291015625]","[861.2512817382812, 385.0657653808594]","[910.3526000976562, 485.1419982910156]","[995.5668334960938, 668.34912109375]"
"[427.9578552246094, 385.1037292480469]","[384.9268798828125, 485.1795654296875]","[288.8337097167969, 668.3679809570312]","[861.3446655273438, 385.1807556152344]","[910.4771118164062, 485.3204040527344]","[995.7596435546875, 668.6742553710938]"
"[428.0408935546875, 385.08294677734375]","[385.0464172363281, 485.1429443359375]","[289.0324401855469, 668.2932739257812]","[861.1187133789062, 385.0722961425781]","[910.1815795898438, 485.1304016113281]","[995.3146362304688, 668.27734375]"
"[428.2969055175781, 385.1437683105469]","[385.303466796875, 485.2851867675781]","[289.2467346191406, 668.6200561523438]","[862.2755126953125, 385.25177001953125]","[911.6240844726562, 485.505615234375]","[997.326416015625, 669.1370849609375]"
"[427.9892883300781, 385.1024169921875]","[384.97216796875, 485.2244873046875]","[288.8818664550781, 668.5448608398438]","[861.2576293945312, 385.1012878417969]","[910.4065551757812, 485.2415771484375]","[995.7289428710938, 668.6133422851562]"
"[427.9803771972656, 385.0867614746094]","[384.9529724121094, 485.1968078613281]","[288.8487243652344, 668.4821166992188]","[861.3616333007812, 385.1044616699219]","[910.524169921875, 485.25787353515625]","[995.8733520507812, 668.6618041992188]"
"[428.03594970703125, 385.0339050292969]","[385.0272216796875, 485.1249084472656]","[288.9561767578125, 668.3992309570312]","[860.8756103515625, 384.8674011230469]","[909.8997192382812, 484.8622741699219]","[994.96728515625, 667.8964233398438]"
"[428.0625915527344, 385.11090087890625]","[385.0657958984375, 485.2286071777344]","[289.0166015625, 668.5391235351562]","[861.2028198242188, 385.11639404296875]","[910.3343505859375, 485.2386779785156]","[995.6192016601562, 668.56103515625]"
"[428.021484375, 385.1087341308594]","[385.0190124511719, 485.1798400878906]","[288.9871520996094, 668.3443603515625]","[861.3275756835938, 385.2051696777344]","[910.4495239257812, 485.3321533203125]","[995.7018432617188, 668.6361694335938]"
"[428.0451354980469, 385.0913391113281]","[385.0547790527344, 485.14959716796875]","[289.05084228515625, 668.2864990234375]","[861.1846923828125, 385.15496826171875]","[910.262451171875, 485.2356262207031]","[995.4223022460938, 668.4241333007812]"
"[428.0453186035156, 385.111572265625]","[385.0522155761719, 485.17608642578125]","[289.0428161621094, 668.3236083984375]","[861.2399291992188, 385.20172119140625]","[910.3343505859375, 485.3070373535156]","[995.5294189453125, 668.5530395507812]"
"[428.0429382324219, 385.1029052734375]","[385.0474548339844, 485.1557312011719]","[289.0406188964844, 668.2708740234375]","[861.21484375, 385.16357421875]","[910.2888793945312, 485.2493591308594]","[995.4406127929688, 668.4463500976562]"
"[427.930908203125, 385.0467224121094]","[384.91693115234375, 485.191162109375]","[288.7938232421875, 668.6404418945312]","[860.9520263671875, 385.041015625]","[910.1298828125, 485.18511962890625]","[995.5415649414062, 668.6344604492188]"
"[428.023193359375, 385.08782958984375]","[385.0128479003906, 485.1404113769531]","[288.9643249511719, 668.2855834960938]","[861.12890625, 385.1377258300781]","[910.1980590820312, 485.2102355957031]","[995.3510131835938, 668.40234375]"
"[427.9930419921875, 385.0987243652344]","[384.982421875, 485.14239501953125]","[288.9468688964844, 668.2454223632812]","[861.1453247070312, 385.1637878417969]","[910.2073974609375, 485.2457580566406]","[995.3414306640625, 668.444580078125]"
"[428.0069885253906, 385.0263671875]","[384.9926452636719, 485.05621337890625]","[288.9375, 668.1477661132812]","[861.4155883789062, 385.0810852050781]","[910.5609741210938, 485.1792907714844]","[995.8643798828125, 668.4529418945312]"
"[428.0586242675781, 385.02783203125]","[385.0462341308594, 485.063232421875]","[289.00323486328125, 668.1549682617188]","[861.29345703125, 385.0704650878906]","[910.3771362304688, 485.144287109375]","[995.5532836914062, 668.336181640625]"
"[428.0948486328125, 385.003173828125]","[385.1587219238281, 484.9951477050781]","[289.2738037109375, 667.9912719726562]","[860.8961791992188, 384.9620361328125]","[909.906494140625, 484.9098815917969]","[994.9171752929688, 667.7896118164062]"
"[428.0096130371094, 385.089599609375]","[384.99853515625, 485.16363525390625]","[288.9361572265625, 668.3663940429688]","[861.231689453125, 385.16815185546875]","[910.3544921875, 485.2851257324219]","[995.6204833984375, 668.5943603515625]"
"[428.0350341796875, 384.9539794921875]","[385.06903076171875, 485.0104675292969]","[289.0587463378906, 668.2863159179688]","[860.1292724609375, 384.6773376464844]","[909.0326538085938, 484.501708984375]","[993.8685913085938, 667.1751708984375]"
"[428.00970458984375, 385.0856018066406]","[385.00616455078125, 485.14056396484375]","[288.9788513183594, 668.2666015625]","[861.3111572265625, 385.1905212402344]","[910.4300537109375, 485.3163146972656]","[995.6784057617188, 668.6224975585938]"
"[427.99407958984375, 385.0704345703125]","[384.9822082519531, 485.109619140625]","[288.9454040527344, 668.1982421875]","[861.26318359375, 385.14501953125]","[910.35400390625, 485.243408203125]","[995.5444946289062, 668.4848022460938]"
"[428.0439147949219, 385.0]","[385.0334167480469, 484.974365234375]","[289.0336608886719, 667.8841552734375]","[861.22998046875, 385.025146484375]","[910.2360229492188, 485.0387268066406]","[995.2393798828125, 668.0540771484375]"
"[428.06011962890625, 385.08123779296875]","[385.04541015625, 485.1868896484375]","[288.9600524902344, 668.466796875]","[861.5941162109375, 385.1286926269531]","[910.8217163085938, 485.311279296875]","[996.3015747070312, 668.7988891601562]"
"[427.9626159667969, 385.0202941894531]","[384.94512939453125, 485.03021240234375]","[288.9070739746094, 668.0443725585938]","[861.345703125, 385.11907958984375]","[910.4481201171875, 485.2159118652344]","[995.6587524414062, 668.4563598632812]"
"[428.00750732421875, 385.0317077636719]","[384.9920349121094, 485.0745544433594]","[288.9376220703125, 668.1915893554688]","[861.2471313476562, 385.0458679199219]","[910.3394775390625, 485.1209716796875]","[995.5361938476562, 668.3260498046875]"
"[428.1330871582031, 384.9512023925781]","[385.1138610839844, 484.8127136230469]","[289.15216064453125, 667.428955078125]","[860.9072875976562, 384.9024353027344]","[909.6848754882812, 484.71783447265625]","[994.2042846679688, 667.2134399414062]"
"[428.01092529296875, 385.03973388671875]","[384.9795227050781, 484.9901123046875]","[288.9542236328125, 667.8192749023438]","[861.4548950195312, 385.2363586425781]","[910.4945678710938, 485.3141784667969]","[995.5642700195312, 668.4657592773438]"
"[427.86407470703125, 385.0622253417969]","[384.81146240234375, 485.0390319824219]","[288.727783203125, 667.9681396484375]","[860.9864501953125, 385.12469482421875]","[909.949462890625, 485.1421813964844]","[994.879638671875, 668.1741943359375]"
"[428.0349426269531, 384.9986267089844]","[384.9837951660156, 484.9633483886719]","[288.8736267089844, 667.928955078125]","[860.8961791992188, 384.9716796875]","[909.8164672851562, 484.8818664550781]","[994.6654663085938, 667.69921875]"
"[427.9572448730469, 385.0508117675781]","[384.9073181152344, 485.1204833984375]","[288.7489318847656, 668.35693359375]","[861.2592163085938, 385.1221618652344]","[910.4024047851562, 485.2337341308594]","[995.7243041992188, 668.5750732421875]"
"[428.2587585449219, 384.9545593261719]","[385.4064636230469, 485.1133117675781]","[289.50445556640625, 668.7789306640625]","[860.0155029296875, 384.6360168457031]","[909.1261596679688, 484.4913330078125]","[994.4122314453125, 667.3607177734375]"
"[427.91064453125, 385.1062927246094]","[384.82818603515625, 485.1656799316406]","[288.6457824707031, 668.309814453125]","[861.3828125, 385.19000244140625]","[910.4725952148438, 485.3229064941406]","[995.6730346679688, 668.658447265625]"
"[427.9815673828125, 385.0367431640625]","[384.9564514160156, 485.0838317871094]","[288.8787536621094, 668.2203979492188]","[861.180908203125, 385.0339660644531]","[910.2599487304688, 485.0990905761719]","[995.4335327148438, 668.2866821289062]"
"[427.8954162597656, 385.0875244140625]","[384.8690490722656, 485.1616516113281]","[288.7774658203125, 668.3697509765625]","[861.1353149414062, 385.12384033203125]","[910.2557373046875, 485.2414245605469]","[995.522705078125, 668.5650634765625]"
"[427.8777770996094, 385.0465087890625]","[384.79022216796875, 485.0656433105469]","[288.6466369628906, 668.0369873046875]","[861.7291259765625, 385.1398620605469]","[910.8419189453125, 485.316162109375]","[996.0681762695312, 668.7119140625]"
"[427.9892272949219, 385.153564453125]","[384.94970703125, 485.2863464355469]","[288.7989501953125, 668.67236328125]","[860.9811401367188, 385.1275634765625]","[910.0655517578125, 485.2239074707031]","[995.2732543945312, 668.5122680664062]"
"[427.8854064941406, 385.0462341308594]","[384.8430480957031, 485.0743408203125]","[288.7594299316406, 668.12744140625]","[861.1441650390625, 385.1006774902344]","[910.18701171875, 485.185302734375]","[995.2830200195312, 668.3873291015625]"
"[427.9676208496094, 385.08087158203125]","[384.9471435546875, 485.1112365722656]","[288.8934326171875, 668.1847534179688]","[861.2083129882812, 385.1737365722656]","[910.2808227539062, 485.2577819824219]","[995.43505859375, 668.4654541015625]"
"[427.980224609375, 385.06561279296875]","[384.9580383300781, 485.1383361816406]","[288.8759765625, 668.3377075195312]","[861.2198486328125, 385.11279296875]","[910.333984375, 485.2236022949219]","[995.583740234375, 668.5214233398438]"
"[427.798583984375, 385.1003112792969]","[384.6969299316406, 485.1561584472656]","[288.4931335449219, 668.2618408203125]","[861.4716186523438, 385.293212890625]","[910.5869750976562, 485.4972229003906]","[995.8404541015625, 668.984375]"
"[427.9842224121094, 385.0777282714844]","[384.9687194824219, 485.1391906738281]","[288.9077453613281, 668.3053588867188]","[861.1068725585938, 385.11383056640625]","[910.1783447265625, 485.1916198730469]","[995.3370971679688, 668.3972778320312]"
"[427.97381591796875, 385.067626953125]","[384.9597473144531, 485.10052490234375]","[288.9200439453125, 668.1787109375]","[861.1063842773438, 385.1475830078125]","[910.1522827148438, 485.21527099609375]","[995.2520141601562, 668.3767700195312]"
"[427.9813232421875, 385.02081298828125]","[384.9724426269531, 484.9830322265625]","[288.9971923828125, 667.833984375]","[861.0689086914062, 385.0783996582031]","[910.0157470703125, 485.0801086425781]","[994.892822265625, 668.0315551757812]"
"[427.94464111328125, 385.0669250488281]","[384.8876647949219, 485.10064697265625]","[288.78216552734375, 668.1494750976562]","[861.212158203125, 385.2064514160156]","[910.2280883789062, 485.3101806640625]","[995.2677612304688, 668.5304565429688]"
"[427.95843505859375, 385.06982421875]","[384.94769287109375, 485.1055908203125]","[288.9217224121094, 668.175048828125]","[861.1557006835938, 385.1468200683594]","[910.21630859375, 485.2369384765625]","[995.3441772460938, 668.4452514648438]"
"[427.9746398925781, 385.0820007324219]","[384.9563293457031, 485.1380310058594]","[288.90863037109375, 668.2537231445312]","[861.29052734375, 385.1543273925781]","[910.384521484375, 485.2751159667969]","[995.5811157226562, 668.5596923828125]"
"[428.2545166015625, 385.0887145996094]","[385.28472900390625, 485.2431945800781]","[289.24395751953125, 668.6451416015625]","[862.5014038085938, 385.2554931640625]","[912.0072021484375, 485.5865478515625]","[998.0376586914062, 669.4549560546875]"
"[427.8998107910156, 384.95751953125]","[384.8780517578125, 484.8826599121094]","[288.8737487792969, 667.6814575195312]","[860.8723754882812, 384.9986877441406]","[909.7879638671875, 484.9440002441406]","[994.6094970703125, 667.7920532226562]"
"[428.10711669921875, 385.0733337402344]","[385.1910400390625, 485.1161193847656]","[289.300048828125, 668.2861938476562]","[860.8207397460938, 385.1080627441406]","[909.90771484375, 485.1063537597656]","[995.0917358398438, 668.145263671875]"
"[428.0746765136719, 385.13275146484375]","[385.08685302734375, 485.3269348144531]","[288.97613525390625, 668.9337158203125]","[860.8060913085938, 385.0121154785156]","[909.948974609375, 485.07586669921875]","[995.2844848632812, 668.3377075195312]"
"[428.0192565917969, 385.0545654296875]","[385.037353515625, 485.0616455078125]","[289.09271240234375, 668.0247192382812]","[861.170654296875, 385.119140625]","[910.1875, 485.1649475097656]","[995.2050170898438, 668.22509765625]"
"[428.0306701660156, 385.07940673828125]","[385.0434875488281, 485.1286315917969]","[289.0506896972656, 668.2384033203125]","[861.2625732421875, 385.16162109375]","[910.3694458007812, 485.2650146484375]","[995.5885009765625, 668.51220703125]"
"[427.9111328125, 385.0436096191406]","[384.8677978515625, 485.0067138671875]","[288.7939758300781, 667.9061889648438]","[861.2831420898438, 385.33447265625]","[910.335205078125, 485.4244689941406]","[995.4434814453125, 668.6281127929688]"
"[427.66650390625, 384.9974365234375]","[384.56658935546875, 484.8897399902344]","[288.4522399902344, 667.5476684570312]","[861.1375122070312, 385.2804260253906]","[910.0728759765625, 485.35455322265625]","[994.9376831054688, 668.4719848632812]"
"[428.0220031738281, 385.0812683105469]","[385.01806640625, 485.122314453125]","[288.9744567871094, 668.2589721679688]","[861.0531616210938, 385.1695251464844]","[910.1175537109375, 485.22222900390625]","[995.2625122070312, 668.3758544921875]"
"[428.0182189941406, 385.087890625]","[385.0247802734375, 485.14990234375]","[288.9974060058594, 668.3319702148438]","[861.0679321289062, 385.1668701171875]","[910.15869140625, 485.2473449707031]","[995.3583374023438, 668.4671630859375]"
"[427.99298095703125, 385.1126708984375]","[384.9835510253906, 485.2005920410156]","[288.9356384277344, 668.4043579101562]","[861.320068359375, 385.20965576171875]","[910.4567260742188, 485.36810302734375]","[995.7459106445312, 668.7526245117188]"
"[428.03924560546875, 385.11785888671875]","[385.02728271484375, 485.21685791015625]","[288.95416259765625, 668.4745483398438]","[861.3914794921875, 385.2140197753906]","[910.556640625, 485.3691711425781]","[995.907470703125, 668.767333984375]"
"[428.0230407714844, 385.0938720703125]","[385.0230407714844, 485.1607971191406]","[288.9828796386719, 668.3492431640625]","[861.14892578125, 385.1731872558594]","[910.2506103515625, 485.2652282714844]","[995.4708862304688, 668.5100708007812]"
"[427.83349609375, 385.0702209472656]","[384.71484375, 485.2694396972656]","[288.3955078125, 668.7863159179688]","[862.0034790039062, 385.1764221191406]","[911.4047241210938, 485.5903625488281]","[997.280029296875, 669.6920166015625]"
"[428.01812744140625, 385.05816650390625]","[384.98931884765625, 485.1319274902344]","[288.89605712890625, 668.3180541992188]","[861.5330810546875, 385.1531677246094]","[910.7064819335938, 485.3103332519531]","[996.070068359375, 668.7137451171875]"
"[428.0870056152344, 385.14910888671875]","[385.0835876464844, 485.16943359375]","[289.0840759277344, 668.1641235351562]","[861.6846313476562, 385.4454650878906]","[910.8380126953125, 485.6328125]","[996.1412353515625, 669.04345703125]"
"[428.5478820800781, 385.35772705078125]","[385.6645812988281, 485.65289306640625]","[289.7386779785156, 669.37841796875]","[862.9968872070312, 385.697021484375]","[912.7173461914062, 486.2244567871094]","[999.1810913085938, 670.5423583984375]"
"[427.9778137207031, 385.16387939453125]","[384.97222900390625, 485.27911376953125]","[288.9446105957031, 668.4915161132812]","[861.8319091796875, 385.374267578125]","[911.1101684570312, 485.6918029785156]","[996.680419921875, 669.4346923828125]"
"[428.0879821777344, 385.107666015625]","[385.0398254394531, 485.247314453125]","[288.8473815917969, 668.6841430664062]","[861.2033081054688, 385.1893005371094]","[910.3544921875, 485.3259582519531]","[995.7073364257812, 668.73974609375]"
"[428.0107727050781, 385.121826171875]","[384.9783630371094, 485.20611572265625]","[288.9057312011719, 668.36279296875]","[861.5453491210938, 385.20263671875]","[910.67822265625, 485.3826904296875]","[995.950927734375, 668.7938232421875]"
"[428.0256042480469, 385.05963134765625]","[385.01373291015625, 485.1090393066406]","[288.9763488769531, 668.2080688476562]","[861.5193481445312, 385.138671875]","[910.6671752929688, 485.2779846191406]","[995.9682006835938, 668.6152954101562]"
"[428.0708923339844, 385.0148010253906]","[385.1019592285156, 485.0422668457031]","[289.1285705566406, 668.1611938476562]","[860.7801513671875, 384.9580383300781]","[909.7869262695312, 484.9227600097656]","[994.8123168945312, 667.8756103515625]"
"[427.9956970214844, 385.0778503417969]","[384.9652099609375, 485.1517028808594]","[288.8770751953125, 668.3283081054688]","[861.4248657226562, 385.1542053222656]","[910.5651245117188, 485.30316162109375]","[995.8623657226562, 668.6769409179688]"
"[428.02215576171875, 385.0757141113281]","[385.0084533691406, 485.1391906738281]","[288.9656066894531, 668.2723388671875]","[861.42333984375, 385.1300354003906]","[910.5491943359375, 485.2646484375]","[995.808837890625, 668.587890625]"
"[428.468505859375, 385.020263671875]","[385.5226135253906, 485.21539306640625]","[289.49176025390625, 668.7543334960938]","[862.6940307617188, 385.0209045410156]","[912.2532958984375, 485.3185729980469]","[998.3919677734375, 669.1458129882812]"
"[427.9944152832031, 385.0475769042969]","[384.9671325683594, 485.0791931152344]","[288.9093017578125, 668.1282348632812]","[861.52685546875, 385.1526794433594]","[910.6541748046875, 485.2854919433594]","[995.9120483398438, 668.599853515625]"
"[427.82904052734375, 385.1142272949219]","[384.73052978515625, 484.8605651855469]","[288.7465515136719, 667.0366821289062]","[860.522216796875, 385.3848571777344]","[909.0046997070312, 485.19012451171875]","[992.9010620117188, 667.4833374023438]"
"[427.9996337890625, 385.06585693359375]","[384.9908752441406, 485.0964660644531]","[288.9689636230469, 668.1439819335938]","[861.465576171875, 385.1772766113281]","[910.5961303710938, 485.3075866699219]","[995.8597412109375, 668.6149291992188]"
"[428.0743713378906, 385.04541015625]","[385.082275390625, 485.09271240234375]","[289.0758361816406, 668.2063598632812]","[861.3646240234375, 385.07489013671875]","[910.4860229492188, 485.16802978515625]","[995.7346801757812, 668.4050903320312]"
"[428.0833740234375, 385.0595397949219]","[385.10369873046875, 485.096435546875]","[289.13177490234375, 668.1710205078125]","[861.3473510742188, 385.10638427734375]","[910.4588012695312, 485.1973876953125]","[995.6824340820312, 668.4155883789062]"
"[428.0861511230469, 385.058837890625]","[385.10028076171875, 485.1036682128906]","[289.107177734375, 668.2080688476562]","[861.3860473632812, 385.1190490722656]","[910.5142822265625, 485.2200012207031]","[995.7753295898438, 668.47119140625]"
"[427.8672180175781, 385.1308898925781]","[384.7987060546875, 485.2281188964844]","[288.6581726074219, 668.4005737304688]","[862.1304321289062, 385.2073974609375]","[911.4710693359375, 485.5652770996094]","[997.181640625, 669.4561157226562]"
"[427.7854309082031, 385.0721435546875]","[384.6673583984375, 484.9904479980469]","[288.5513610839844, 667.62646484375]","[861.5220947265625, 385.25482177734375]","[910.4352416992188, 485.3583679199219]","[995.2326049804688, 668.48095703125]"
"[428.01055908203125, 385.0374450683594]","[385.0025329589844, 485.06793212890625]","[288.9797058105469, 668.1177978515625]","[861.5307006835938, 385.123046875]","[910.67822265625, 485.25299072265625]","[995.9752807617188, 668.5667114257812]"
"[428.0445861816406, 385.0314025878906]","[385.0550842285156, 485.0541076660156]","[289.066162109375, 668.0995483398438]","[861.3370361328125, 385.0732116699219]","[910.4422607421875, 485.15087890625]","[995.6533813476562, 668.3430786132812]"
"[428.22442626953125, 385.06854248046875]","[385.2836608886719, 485.25811767578125]","[289.2720947265625, 668.83837890625]","[860.9534301757812, 384.9964294433594]","[910.1448974609375, 485.09710693359375]","[995.5748901367188, 668.4404907226562]"
"[428.0389404296875, 385.0005187988281]","[385.08306884765625, 485.04931640625]","[289.11376953125, 668.2320556640625]","[861.0573120117188, 384.99737548828125]","[910.1979370117188, 485.042236328125]","[995.4971313476562, 668.2144165039062]"
"[428.09686279296875, 384.993896484375]","[385.17730712890625, 485.0643310546875]","[289.24212646484375, 668.343505859375]","[861.1729736328125, 384.95556640625]","[910.4138793945312, 485.0071105957031]","[995.9188842773438, 668.2400512695312]"
"[427.98321533203125, 385.1913146972656]","[384.9640808105469, 485.3824768066406]","[288.89910888671875, 668.7927856445312]","[861.2847290039062, 384.7153625488281]","[910.3876953125, 484.8327941894531]","[995.603515625, 668.1210327148438]"
"[427.74591064453125, 385.0275573730469]","[384.69091796875, 485.0518798828125]","[288.6815490722656, 667.9039916992188]","[861.7117309570312, 385.0489501953125]","[910.7900390625, 485.2879333496094]","[995.9207763671875, 668.738037109375]"
"[428.0108642578125, 385.09161376953125]","[385.0316467285156, 485.1153564453125]","[289.07977294921875, 668.1152954101562]","[861.6036987304688, 385.21466064453125]","[910.7680053710938, 485.36151123046875]","[996.0846557617188, 668.6849365234375]"
"[428.2994384765625, 385.1188659667969]","[385.39361572265625, 485.2843933105469]","[289.42364501953125, 668.8335571289062]","[861.4772338867188, 385.1744384765625]","[910.8380126953125, 485.31353759765625]","[996.596435546875, 668.7783813476562]"
"[427.9918212890625, 385.0681457519531]","[384.9892883300781, 485.0543518066406]","[288.98614501953125, 668.0092163085938]","[861.2969970703125, 385.2339172363281]","[910.3741455078125, 485.3038635253906]","[995.5260620117188, 668.4640502929688]"
"[428.0394287109375, 385.0910339355469]","[385.0255432128906, 485.10809326171875]","[289.0169372558594, 668.0886840820312]","[861.4415283203125, 385.1536865234375]","[910.4962158203125, 485.2386474609375]","[995.592041015625, 668.3984985351562]"
"[427.97760009765625, 385.0728759765625]","[384.9605407714844, 485.109619140625]","[288.9161376953125, 668.17822265625]","[861.40771484375, 385.0886535644531]","[910.5053100585938, 485.1650695800781]","[995.6953735351562, 668.3422241210938]"
"[428.04254150390625, 385.07696533203125]","[385.0518493652344, 485.12353515625]","[289.0550537109375, 668.2171020507812]","[861.4462280273438, 385.1383056640625]","[910.5856323242188, 485.25494384765625]","[995.8651123046875, 668.5341796875]"
"[427.7686767578125, 385.0497131347656]","[384.62799072265625, 485.1539001464844]","[288.2898864746094, 668.4356689453125]","[861.9258422851562, 385.2855529785156]","[911.2106323242188, 485.5721130371094]","[996.8214111328125, 669.32421875]"
"[427.96893310546875, 385.1000671386719]","[384.94964599609375, 485.1505432128906]","[288.9131164550781, 668.2233276367188]","[861.5189208984375, 385.1919860839844]","[910.652099609375, 485.3505554199219]","[995.9193725585938, 668.7102661132812]"
"[428.0131530761719, 385.0875549316406]","[385.0137023925781, 485.1394958496094]","[289.0072326660156, 668.2318725585938]","[861.4063110351562, 385.1314392089844]","[910.5221557617188, 485.2486267089844]","[995.7528076171875, 668.516357421875]"
"[428.0208435058594, 385.0875244140625]","[384.991455078125, 485.19488525390625]","[288.8811950683594, 668.4677734375]","[861.6215209960938, 385.20526123046875]","[910.84423828125, 485.4097900390625]","[996.3131103515625, 668.9344482421875]"
"[427.7030334472656, 385.0993957519531]","[384.4801330566406, 485.1315612792969]","[288.13433837890625, 668.0116577148438]","[862.4169921875, 385.3849182128906]","[911.5653076171875, 485.7815856933594]","[996.8663330078125, 669.6332397460938]"
"[427.93377685546875, 385.0392150878906]","[384.89886474609375, 485.07537841796875]","[288.8436279296875, 668.0984497070312]","[861.6614990234375, 385.09912109375]","[910.8081665039062, 485.2647399902344]","[996.0982055664062, 668.6404418945312]"
"[428.11834716796875, 385.04248046875]","[385.1658935546875, 485.161865234375]","[289.1493225097656, 668.5714721679688]","[861.0430297851562, 385.044677734375]","[910.2407836914062, 485.1180725097656]","[995.6732788085938, 668.3980712890625]"
"[428.00677490234375, 385.09930419921875]","[384.87969970703125, 485.2817077636719]","[288.49365234375, 668.8855590820312]","[861.2903442382812, 385.20599365234375]","[910.5088500976562, 485.424560546875]","[996.0391235351562, 669.1110229492188]"
"[428.12005615234375, 385.0193176269531]","[385.15362548828125, 485.0823974609375]","[289.159423828125, 668.294921875]","[861.1937866210938, 385.00311279296875]","[910.3317260742188, 485.0473937988281]","[995.6219482421875, 668.2100219726562]"
"[428.0433044433594, 385.0724792480469]","[385.03338623046875, 485.15338134765625]","[288.9739990234375, 668.3582153320312]","[861.4393920898438, 385.1374816894531]","[910.597900390625, 485.2733459472656]","[995.928466796875, 668.6209106445312]"
"[428.0444641113281, 385.08251953125]","[385.0486755371094, 485.1177673339844]","[289.055908203125, 668.1723022460938]","[861.1725463867188, 385.1584167480469]","[910.201171875, 485.21710205078125]","[995.2520141601562, 668.3238525390625]"
"[428.07073974609375, 385.04180908203125]","[385.070068359375, 485.11602783203125]","[289.0328674316406, 668.3040771484375]","[861.4135131835938, 385.0311279296875]","[910.55859375, 485.1380310058594]","[995.859130859375, 668.4197387695312]"
"[428.05291748046875, 385.0572814941406]","[385.0459899902344, 485.1132507324219]","[289.01251220703125, 668.2379150390625]","[861.4075927734375, 385.0852355957031]","[910.5233764648438, 485.1877136230469]","[995.75927734375, 668.4378662109375]"
"[428.06353759765625, 384.9838562011719]","[385.0591125488281, 485.0657043457031]","[289.0155334472656, 668.2698974609375]","[861.4307250976562, 384.900634765625]","[910.5809326171875, 485.00714111328125]","[995.8931884765625, 668.29541015625]"
"[428.03955078125, 385.10540771484375]","[385.0335693359375, 485.234130859375]","[289.0118103027344, 668.466796875]","[861.7567749023438, 385.0519104003906]","[910.9620361328125, 485.2785949707031]","[996.3729858398438, 668.7957153320312]"
"[428.0324401855469, 385.02197265625]","[385.01458740234375, 485.0771789550781]","[288.9422607421875, 668.2448120117188]","[861.196044921875, 384.96173095703125]","[910.2803344726562, 485.008056640625]","[995.4642333984375, 668.1615600585938]"
"[428.07373046875, 385.073486328125]","[385.08087158203125, 485.12042236328125]","[289.0787048339844, 668.225830078125]","[861.1759033203125, 385.1221923828125]","[910.227294921875, 485.1807556152344]","[995.330810546875, 668.3101806640625]"
"[428.02294921875, 385.0892028808594]","[385.0020446777344, 485.1762390136719]","[288.92449951171875, 668.3855590820312]","[861.49951171875, 385.1637878417969]","[910.6654052734375, 485.3209533691406]","[996.01123046875, 668.7139282226562]"
"[427.9627990722656, 385.0201110839844]","[384.93145751953125, 485.0738525390625]","[288.86895751953125, 668.1616821289062]","[861.5223388671875, 385.0062561035156]","[910.6464233398438, 485.138916015625]","[995.8964233398438, 668.4505615234375]"
"[428.0355224609375, 385.0715637207031]","[385.02001953125, 485.13909912109375]","[288.9561767578125, 668.3097534179688]","[861.419677734375, 385.1335754394531]","[910.560546875, 485.2562255859375]","[995.854736328125, 668.5704956054688]"
"[428.01275634765625, 385.2247009277344]","[384.9761047363281, 485.5506286621094]","[288.7872009277344, 669.30859375]","[862.6848754882812, 385.4386901855469]","[912.3192138671875, 486.0541076660156]","[998.6444702148438, 670.5880737304688]"
"[428.041259765625, 385.08258056640625]","[385.04541015625, 485.1166687011719]","[289.0676574707031, 668.137939453125]","[861.3639526367188, 385.11224365234375]","[910.4240112304688, 485.2002258300781]","[995.5316772460938, 668.367431640625]"
"[427.9419860839844, 385.0902099609375]","[384.9154968261719, 485.1083679199219]","[288.87481689453125, 668.1106567382812]","[861.3372192382812, 385.2300109863281]","[910.4118041992188, 485.3511962890625]","[995.562744140625, 668.61767578125]"
"[427.9551696777344, 385.0977478027344]","[384.8609619140625, 485.288330078125]","[288.5370178222656, 668.8909912109375]","[861.3079223632812, 385.1302185058594]","[910.5321044921875, 485.302490234375]","[996.0469970703125, 668.847900390625]"
"[427.9248352050781, 385.0575256347656]","[384.8606872558594, 485.10888671875]","[288.72149658203125, 668.223388671875]","[861.3840942382812, 385.14532470703125]","[910.480224609375, 485.2809143066406]","[995.6895141601562, 668.6160888671875]"
"[427.9921875, 385.0657653808594]","[384.9865417480469, 485.1484375]","[288.9377746582031, 668.3575439453125]","[861.33056640625, 385.09527587890625]","[910.4815673828125, 485.2269592285156]","[995.7994995117188, 668.568359375]"
"[427.95745849609375, 385.052001953125]","[384.9488525390625, 485.0958251953125]","[288.9203186035156, 668.1913452148438]","[861.1934204101562, 385.1014709472656]","[910.276611328125, 485.197021484375]","[995.4514770507812, 668.428955078125]"
"[427.9667663574219, 385.0558776855469]","[384.92742919921875, 485.1265869140625]","[288.8228454589844, 668.2868041992188]","[861.6345825195312, 385.1464538574219]","[910.8229370117188, 485.3232116699219]","[996.2125244140625, 668.7650756835938]"
"[428.02093505859375, 385.066162109375]","[385.002197265625, 485.22393798828125]","[288.84088134765625, 668.7344360351562]","[861.196533203125, 385.0254211425781]","[910.4180908203125, 485.1407470703125]","[995.9099731445312, 668.5391845703125]"
"[427.93389892578125, 385.09869384765625]","[384.94842529296875, 485.0513000488281]","[289.03173828125, 667.871826171875]","[860.57470703125, 385.1394958496094]","[909.3980102539062, 485.0622253417969]","[994.0205688476562, 667.7918090820312]"
"[427.9872741699219, 385.0743103027344]","[384.96112060546875, 485.1469421386719]","[288.88165283203125, 668.3118286132812]","[861.57177734375, 385.16473388671875]","[910.7495727539062, 485.33123779296875]","[996.1162719726562, 668.7435302734375]"
"[428.1050720214844, 385.1203308105469]","[385.1208801269531, 485.2147521972656]","[289.11962890625, 668.4526977539062]","[860.7975463867188, 385.05718994140625]","[909.77099609375, 485.06903076171875]","[994.7261352539062, 668.0865478515625]"
"[428.0365905761719, 385.0375671386719]","[385.0382995605469, 485.14501953125]","[288.9767150878906, 668.4373779296875]","[861.6211547851562, 385.07513427734375]","[910.8860473632812, 485.25958251953125]","[996.438720703125, 668.7615356445312]"
"[428.0998229980469, 385.0680847167969]","[385.09808349609375, 485.4366149902344]","[288.8429870605469, 669.4924926757812]","[863.4613647460938, 385.15179443359375]","[913.5374145507812, 485.8520202636719]","[1000.7970581054688, 670.8282470703125]"
"[427.9654846191406, 385.1912536621094]","[384.93206787109375, 485.36004638671875]","[288.8525695800781, 668.6512451171875]","[862.3281860351562, 385.36370849609375]","[911.7010498046875, 485.7872314453125]","[997.45458984375, 669.7628173828125]"
"[428.06573486328125, 385.19927978515625]","[385.0492248535156, 485.31280517578125]","[288.9674072265625, 668.5789184570312]","[861.7825927734375, 385.43121337890625]","[911.0394897460938, 485.68365478515625]","[996.57080078125, 669.2985229492188]"
"[427.2503967285156, 385.09454345703125]","[383.8990173339844, 484.76885986328125]","[287.6434326171875, 666.3719482421875]","[862.8536376953125, 385.691650390625]","[911.5875854492188, 486.059814453125]","[995.94384765625, 669.4953002929688]"
"[427.9842529296875, 385.1322326660156]","[384.95074462890625, 485.29180908203125]","[288.8293762207031, 668.6776123046875]","[861.4595336914062, 385.0939636230469]","[910.651123046875, 485.29779052734375]","[996.0613403320312, 668.8147583007812]"
"[428.0240478515625, 385.0560607910156]","[385.00213623046875, 485.1507873535156]","[288.91058349609375, 668.3991088867188]","[861.4622802734375, 385.076171875]","[910.6348266601562, 485.217041015625]","[995.99853515625, 668.5913696289062]"
"[428.0729675292969, 385.0854187011719]","[385.0638732910156, 485.2008972167969]","[288.9805603027344, 668.519287109375]","[861.3773803710938, 385.11199951171875]","[910.5513305664062, 485.2484130859375]","[995.9231567382812, 668.620849609375]"
"[427.98651123046875, 385.0023498535156]","[384.9410095214844, 485.1679992675781]","[288.7847900390625, 668.583740234375]","[861.5960083007812, 384.92108154296875]","[910.827392578125, 485.13201904296875]","[996.3212280273438, 668.6893920898438]"
"[427.9972839355469, 385.0331726074219]","[384.9603271484375, 485.1121826171875]","[288.8315124511719, 668.3466796875]","[861.4053955078125, 385.0804138183594]","[910.56201171875, 485.1929626464844]","[995.896728515625, 668.5133056640625]"
"[428.00457763671875, 385.0417785644531]","[384.9771728515625, 485.1428527832031]","[288.86456298828125, 668.418212890625]","[861.5280151367188, 385.1065368652344]","[910.736572265625, 485.2734375]","[996.1775512695312, 668.72216796875]"
"[428.09234619140625, 385.0205078125]","[385.0896301269531, 485.1181335449219]","[289.00518798828125, 668.4276733398438]","[861.3773803710938, 385.0093994140625]","[910.5686645507812, 485.1069030761719]","[995.977294921875, 668.4180297851562]"
"[428.0918273925781, 385.01678466796875]","[385.0867614746094, 485.0941467285156]","[289.0158386230469, 668.33251953125]","[861.3948974609375, 385.0284423828125]","[910.558837890625, 485.1185607910156]","[995.9051513671875, 668.3906860351562]"
"[427.8359069824219, 385.0992126464844]","[384.7058410644531, 485.3072814941406]","[288.3876037597656, 668.7896118164062]","[862.140869140625, 385.17010498046875]","[911.50634765625, 485.5850830078125]","[997.2901611328125, 669.6364135742188]"
"[428.0873718261719, 385.03143310546875]","[385.07562255859375, 485.0677185058594]","[289.0306091308594, 668.1787109375]","[860.9114990234375, 384.8414306640625]","[909.8532104492188, 484.7576904296875]","[994.732666015625, 667.5656127929688]"
"[428.0097961425781, 385.0262451171875]","[384.982421875, 485.09747314453125]","[288.87921142578125, 668.3040771484375]","[861.4559326171875, 385.0809020996094]","[910.6275024414062, 485.205810546875]","[995.9907836914062, 668.553466796875]"
"[428.11920166015625, 384.9720458984375]","[385.14898681640625, 485.0028381347656]","[289.1606140136719, 668.1343994140625]","[861.085693359375, 384.88397216796875]","[910.1531982421875, 484.8484191894531]","[995.2906494140625, 667.8095703125]"
"[427.889404296875, 385.0565185546875]","[384.8930969238281, 485.13372802734375]","[288.8924255371094, 668.279296875]","[861.3174438476562, 385.1160888671875]","[910.4739990234375, 485.3003234863281]","[995.7982177734375, 668.7356567382812]"
"[427.9518127441406, 384.9795227050781]","[384.92108154296875, 485.0409851074219]","[288.8188781738281, 668.23876953125]","[861.0038452148438, 384.8536682128906]","[910.0579223632812, 484.8753662109375]","[995.188232421875, 667.9839477539062]"
"[428.08587646484375, 385.01806640625]","[385.09228515625, 485.0606994628906]","[289.0983581542969, 668.1448364257812]","[861.1967163085938, 384.9679260253906]","[910.2349243164062, 485.0068359375]","[995.308349609375, 668.0894165039062]"
"[427.9643859863281, 385.05853271484375]","[384.94085693359375, 485.1629333496094]","[288.84332275390625, 668.4437255859375]","[861.2506103515625, 385.064697265625]","[910.3964233398438, 485.2001037597656]","[995.7144775390625, 668.56689453125]"
"[428.073486328125, 385.0283508300781]","[385.1382141113281, 485.1393737792969]","[289.1593322753906, 668.53466796875]","[860.7550048828125, 384.972412109375]","[909.8992309570312, 484.994873046875]","[995.2229614257812, 668.1514282226562]"
"[428.0301208496094, 385.0346374511719]","[385.0367736816406, 485.0685119628906]","[289.0308837890625, 668.1505126953125]","[861.3325805664062, 385.09686279296875]","[910.4508666992188, 485.1857604980469]","[995.6918334960938, 668.4111328125]"
"[428.078369140625, 385.041748046875]","[385.091796875, 485.1297912597656]","[289.05157470703125, 668.3974609375]","[861.3435668945312, 385.06170654296875]","[910.53076171875, 485.16876220703125]","[995.9266357421875, 668.4862060546875]"
"[428.1394348144531, 385.0199279785156]","[385.17169189453125, 485.10382080078125]","[289.1631164550781, 668.3746948242188]","[861.2677612304688, 384.9925537109375]","[910.4386596679688, 485.0596008300781]","[995.7996215820312, 668.2881469726562]"
"[428.17266845703125, 384.9703674316406]","[385.2308654785156, 485.12823486328125]","[289.22039794921875, 668.628662109375]","[861.3928833007812, 384.82720947265625]","[910.7040405273438, 484.9510803222656]","[996.36572265625, 668.3816528320312]"
"[428.39605712890625, 385.02362060546875]","[385.5910339355469, 485.2336730957031]","[289.7451171875, 669.0482788085938]","[860.0172729492188, 384.76043701171875]","[909.1773681640625, 484.6340026855469]","[994.5631103515625, 667.54931640625]"
"[428.1651306152344, 385.0140075683594]","[385.1997375488281, 485.1212463378906]","[289.1800537109375, 668.462646484375]","[861.30322265625, 384.95965576171875]","[910.5010986328125, 485.03668212890625]","[995.9205322265625, 668.3030395507812]"
"[428.1072998046875, 385.0859069824219]","[385.1244812011719, 485.16973876953125]","[289.1200866699219, 668.3622436523438]","[861.6661987304688, 385.1515808105469]","[910.8795776367188, 485.3094482421875]","[996.3084716796875, 668.6980590820312]"
"[428.2890319824219, 384.8071594238281]","[385.42327880859375, 484.75433349609375]","[289.6612854003906, 667.697021484375]","[860.7350463867188, 384.5287170410156]","[909.716796875, 484.3086242675781]","[994.6575927734375, 666.8316040039062]"
"[428.0166015625, 385.0634765625]","[384.9994812011719, 485.1647644042969]","[288.912841796875, 668.4293212890625]","[861.5159912109375, 385.1053466796875]","[910.7164916992188, 485.2659606933594]","[996.13671875, 668.6896362304688]"
"[428.002197265625, 385.03814697265625]","[384.98663330078125, 485.1126708984375]","[288.9039611816406, 668.3280029296875]","[861.439208984375, 385.093505859375]","[910.6232299804688, 485.22161865234375]","[996.010498046875, 668.5774536132812]"
"[428.12213134765625, 385.00494384765625]","[385.13824462890625, 484.9502258300781]","[289.1758117675781, 667.8350830078125]","[860.78955078125, 385.00347900390625]","[909.6649780273438, 484.8547058105469]","[994.3948364257812, 667.47607421875]"
"[427.9779968261719, 384.8964538574219]","[384.96429443359375, 484.9086608886719]","[288.9360046386719, 667.9281005859375]","[861.31201171875, 384.767822265625]","[910.3861694335938, 484.7954406738281]","[995.5322875976562, 667.8810424804688]"
"[428.0534362792969, 385.0422058105469]","[385.0746765136719, 485.1507263183594]","[289.03424072265625, 668.4808349609375]","[861.3565673828125, 385.05084228515625]","[910.5836791992188, 485.1746826171875]","[996.0631103515625, 668.5462646484375]"
"[427.8681640625, 385.087890625]","[384.7765197753906, 485.3263854980469]","[288.4776916503906, 668.96630859375]","[861.7453002929688, 385.14959716796875]","[911.098876953125, 485.48699951171875]","[996.8683471679688, 669.3939819335938]"
"[428.04620361328125, 385.0599670410156]","[385.04547119140625, 485.155029296875]","[288.98699951171875, 668.4208374023438]","[861.2607421875, 385.0979919433594]","[910.4017944335938, 485.2038879394531]","[995.7021484375, 668.4933471679688]"
"[428.0282897949219, 385.0525817871094]","[385.0230407714844, 485.1507873535156]","[288.95654296875, 668.4161376953125]","[861.5060424804688, 385.07342529296875]","[910.7215576171875, 485.2300720214844]","[996.173583984375, 668.6558227539062]"
"[428.0963439941406, 385.0365905761719]","[385.1159362792969, 485.12603759765625]","[289.09295654296875, 668.3857421875]","[861.3976440429688, 385.015869140625]","[910.5904541015625, 485.1225891113281]","[995.9933471679688, 668.4345703125]"
"[428.0894470214844, 385.0503845214844]","[385.10284423828125, 485.14190673828125]","[289.07177734375, 668.3981323242188]","[861.4112548828125, 385.0332336425781]","[910.5966186523438, 485.1456604003906]","[995.983642578125, 668.4636840820312]"
"[428.04364013671875, 385.06463623046875]","[385.0356140136719, 485.16448974609375]","[288.96356201171875, 668.4298095703125]","[861.5910034179688, 385.09649658203125]","[910.8199462890625, 485.26397705078125]","[996.2975463867188, 668.713623046875]"
"[428.08197021484375, 385.0330810546875]","[385.0926513671875, 485.1328125]","[289.0434875488281, 668.4249877929688]","[861.4835815429688, 385.0295104980469]","[910.7103881835938, 485.16229248046875]","[996.186279296875, 668.5479125976562]"
"[428.1975402832031, 384.93426513671875]","[385.2391662597656, 484.8851623535156]","[289.28851318359375, 667.857177734375]","[860.7026977539062, 384.8133850097656]","[909.6271362304688, 484.6192321777344]","[994.4710693359375, 667.205810546875]"
"[428.1436767578125, 385.0228576660156]","[385.1844787597656, 485.1072692871094]","[289.2135925292969, 668.3487548828125]","[861.1307373046875, 384.87896728515625]","[910.236572265625, 484.9079895019531]","[995.4579467773438, 668.0197143554688]"
"[428.0330810546875, 385.0291442871094]","[384.9403381347656, 484.9497375488281]","[288.8455505371094, 667.6403198242188]","[861.52490234375, 385.0755310058594]","[910.4104614257812, 485.0723571777344]","[995.1478271484375, 667.9683227539062]"
"[428.0792541503906, 385.01190185546875]","[385.0739440917969, 485.0954895019531]","[289.01837158203125, 668.3173217773438]","[861.4732666015625, 384.96160888671875]","[910.6403198242188, 485.0701904296875]","[995.98779296875, 668.3711547851562]"
"[427.9115905761719, 385.0615539550781]","[384.8182067871094, 485.4578552246094]","[288.387939453125, 669.6292724609375]","[861.9210205078125, 385.1096496582031]","[911.5609130859375, 485.62847900390625]","[997.978515625, 670.1365966796875]"
"[428.0928955078125, 385.0268249511719]","[385.0953674316406, 485.10833740234375]","[289.0536193847656, 668.3253173828125]","[861.5078125, 384.9816589355469]","[910.686279296875, 485.0892028808594]","[996.053955078125, 668.3873291015625]"
"[427.9745178222656, 385.14398193359375]","[384.9342041015625, 485.28839111328125]","[288.7928161621094, 668.6444702148438]","[861.6928100585938, 385.2581787109375]","[910.9517822265625, 485.51043701171875]","[996.4976806640625, 669.1491088867188]"
"[427.99237060546875, 384.9162902832031]","[384.8665771484375, 485.2402038574219]","[288.4169921875, 669.224853515625]","[861.5833740234375, 384.650146484375]","[910.9853515625, 484.94622802734375]","[996.9048461914062, 668.9005126953125]"
"[428.070068359375, 385.0541076660156]","[385.1798400878906, 485.31451416015625]","[289.1783142089844, 669.1801147460938]","[860.7900390625, 384.9911193847656]","[910.1805419921875, 485.1534118652344]","[996.043212890625, 668.7542114257812]"
"[428.0235595703125, 385.0580749511719]","[384.9971618652344, 485.1889343261719]","[288.8668518066406, 668.5525512695312]","[861.63916015625, 385.0954284667969]","[910.9066162109375, 485.2953186035156]","[996.4735107421875, 668.8461303710938]"
"[428.0943908691406, 385.0548095703125]","[385.1208190917969, 485.0845947265625]","[289.1217956542969, 668.2152099609375]","[861.2196044921875, 385.13336181640625]","[910.349609375, 485.17413330078125]","[995.6206665039062, 668.3215942382812]"
"[428.13970947265625, 384.98870849609375]","[385.1822204589844, 484.9601135253906]","[289.2290344238281, 667.96337890625]","[860.572998046875, 384.98028564453125]","[909.4479370117188, 484.7735290527344]","[994.1777954101562, 667.2785034179688]"
"[428.0478210449219, 385.0814208984375]","[385.0502014160156, 485.2427062988281]","[288.9593811035156, 668.6932373046875]","[861.54296875, 385.0863037109375]","[910.8339233398438, 485.292724609375]","[996.4520263671875, 668.8692016601562]"
"[428.20880126953125, 385.00238037109375]","[385.2767028808594, 485.0406494140625]","[289.3869323730469, 668.130859375]","[861.5046997070312, 384.9539489746094]","[910.68505859375, 485.0347900390625]","[996.0424194335938, 668.2532348632812]"
"[428.06524658203125, 385.06097412109375]","[385.0406494140625, 485.1896057128906]","[288.91778564453125, 668.5473022460938]","[861.5289306640625, 385.07037353515625]","[910.7478637695312, 485.23638916015625]","[996.2155151367188, 668.6974487304688]"
"[428.0426330566406, 385.0572509765625]","[385.0107116699219, 485.1378479003906]","[288.9072570800781, 668.3416137695312]","[861.5901489257812, 385.1127624511719]","[910.765380859375, 485.2590637207031]","[996.1297607421875, 668.6373901367188]"
"[428.03045654296875, 385.03271484375]","[384.9783020019531, 485.13702392578125]","[288.8145751953125, 668.4290161132812]","[861.5184936523438, 385.0049743652344]","[910.6868286132812, 485.1297302246094]","[996.0471801757812, 668.484130859375]"
"[428.3096923828125, 385.1405944824219]","[385.2618103027344, 485.38775634765625]","[288.9765625, 669.1150512695312]","[862.9153442382812, 385.44244384765625]","[912.571533203125, 485.87603759765625]","[998.9414672851562, 670.07373046875]"
"[428.01263427734375, 385.0013427734375]","[385.0125427246094, 484.8284912109375]","[289.1838073730469, 667.1712036132812]","[861.5040283203125, 385.0895080566406]","[910.3221435546875, 485.0335693359375]","[994.867919921875, 667.6878051757812]"
"[428.09710693359375, 385.0416564941406]","[385.08935546875, 485.08740234375]","[289.070068359375, 668.1625366210938]","[861.456298828125, 385.01531982421875]","[910.53271484375, 485.0857238769531]","[995.6767578125, 668.2347412109375]"
"[428.0694580078125, 384.8780212402344]","[385.0720520019531, 484.7033996582031]","[289.0904541015625, 667.3450927734375]","[861.1295776367188, 385.0884704589844]","[910.1145629882812, 484.9592590332031]","[995.0726928710938, 667.6908569335938]"
"[427.8188171386719, 385.1835632324219]","[384.62335205078125, 485.59185791015625]","[288.0281066894531, 669.7384033203125]","[861.8121948242188, 385.0699157714844]","[911.2656860351562, 485.5202331542969]","[997.297119140625, 669.8056640625]"
"[428.4091491699219, 384.9120178222656]","[385.5875549316406, 484.8360595703125]","[289.8613586425781, 667.8775024414062]","[859.0392456054688, 384.5158996582031]","[907.623779296875, 483.9163513183594]","[991.7838745117188, 665.559814453125]"
"[428.1247253417969, 385.0312805175781]","[385.0997314453125, 485.0930480957031]","[289.0025939941406, 668.2855834960938]","[861.3677978515625, 384.9975891113281]","[910.4707641601562, 485.04730224609375]","[995.6908569335938, 668.2119750976562]"
"[427.9293212890625, 385.06658935546875]","[384.85919189453125, 485.105712890625]","[288.7403259277344, 668.1419677734375]","[861.369140625, 384.9954833984375]","[910.383056640625, 485.069580078125]","[995.4066772460938, 668.2166137695312]"
"[428.0917053222656, 385.0336608886719]","[385.095703125, 485.0925598144531]","[289.0438537597656, 668.2793579101562]","[861.7378540039062, 385.09197998046875]","[911.001220703125, 485.23065185546875]","[996.542236328125, 668.6311645507812]"
"[428.1224365234375, 385.0511169433594]","[385.147705078125, 485.17156982421875]","[289.1231689453125, 668.5042724609375]","[861.5440063476562, 385.0023193359375]","[910.7868041992188, 485.1399230957031]","[996.2896118164062, 668.5296630859375]"
"[428.1177978515625, 385.0547790527344]","[385.1205139160156, 485.1151428222656]","[289.0672912597656, 668.322021484375]","[861.1761474609375, 385.0544738769531]","[910.266845703125, 485.07708740234375]","[995.46142578125, 668.1781005859375]"
"[428.0597839355469, 385.07220458984375]","[385.0337219238281, 485.1522521972656]","[288.9407043457031, 668.365478515625]","[861.368896484375, 385.08502197265625]","[910.4862060546875, 485.1842346191406]","[995.7356567382812, 668.4489135742188]"
"[428.1009216308594, 385.0279235839844]","[385.09124755859375, 485.1050720214844]","[289.0191345214844, 668.3350219726562]","[861.300537109375, 384.99322509765625]","[910.4190673828125, 485.05828857421875]","[995.6724853515625, 668.260498046875]"
"[428.0435485839844, 384.96795654296875]","[385.0087585449219, 485.0422058105469]","[288.890380859375, 668.2764282226562]","[861.0924072265625, 384.8006591796875]","[910.1412353515625, 484.8057556152344]","[995.2587890625, 667.8758544921875]"
"[428.1256408691406, 385.000244140625]","[385.1294250488281, 485.0824279785156]","[289.0741271972656, 668.331787109375]","[861.3881225585938, 384.8980712890625]","[910.5352783203125, 484.9441223144531]","[995.8400268554688, 668.1102294921875]"
"[428.1607971191406, 385.1082458496094]","[385.21368408203125, 485.0934753417969]","[289.3174743652344, 668.0543212890625]","[860.7952880859375, 385.1787414550781]","[909.7088012695312, 485.0895690917969]","[994.5132446289062, 667.8292846679688]"
"[427.597900390625, 385.00885009765625]","[384.4985046386719, 484.9512939453125]","[288.350830078125, 667.8114624023438]","[860.04931640625, 385.03277587890625]","[908.7769775390625, 484.9419250488281]","[993.253173828125, 667.7044067382812]"
"[428.0638732910156, 385.0067138671875]","[385.0799560546875, 485.0901184082031]","[289.056884765625, 668.322265625]","[861.4771728515625, 384.9600524902344]","[910.6795043945312, 485.0673522949219]","[996.0955810546875, 668.3748779296875]"
"[428.0273132324219, 385.05364990234375]","[385.0079650878906, 485.1181335449219]","[288.93121337890625, 668.2932739257812]","[861.42236328125, 385.085693359375]","[910.5673828125, 485.1933288574219]","[995.8707275390625, 668.4837646484375]"
"[428.1009826660156, 385.01123046875]","[385.11944580078125, 485.0304260253906]","[289.1394958496094, 668.0765380859375]","[861.3676147460938, 384.9740905761719]","[910.4603271484375, 484.9991760253906]","[995.6372680664062, 668.068359375]"
"[428.1072998046875, 385.0715026855469]","[385.1871643066406, 485.22003173828125]","[289.2080993652344, 668.7418823242188]","[860.62890625, 384.9654846191406]","[909.7891845703125, 484.9783935546875]","[995.1548461914062, 668.1380004882812]"
"[428.10198974609375, 385.0453186035156]","[385.09442138671875, 485.0848083496094]","[289.056396484375, 668.1864013671875]","[861.388916015625, 385.04156494140625]","[910.483154296875, 485.099365234375]","[995.6739501953125, 668.2531127929688]"
"[428.022705078125, 385.17022705078125]","[384.9872741699219, 485.1117248535156]","[289.0024719238281, 667.8109741210938]","[862.0146484375, 385.51239013671875]","[911.11181640625, 485.7060241699219]","[996.26953125, 669.05126953125]"
"[428.0699157714844, 385.0542907714844]","[385.0632019042969, 485.0902099609375]","[289.0359191894531, 668.165283203125]","[861.45166015625, 385.0619812011719]","[910.557861328125, 485.1371765136719]","[995.7682495117188, 668.321044921875]"
"[428.0091247558594, 385.0809020996094]","[385.03265380859375, 485.2373352050781]","[289.07476806640625, 668.4920043945312]","[862.027587890625, 385.0353698730469]","[911.326904296875, 485.34136962890625]","[996.9144287109375, 669.0240478515625]"
"[427.89691162109375, 385.01202392578125]","[384.7856140136719, 485.18817138671875]","[288.4835205078125, 668.6427612304688]","[862.19140625, 385.09136962890625]","[911.5951538085938, 485.459228515625]","[997.4566040039062, 669.438720703125]"
"[428.0849914550781, 385.0904846191406]","[385.05926513671875, 485.1827697753906]","[288.9409484863281, 668.4598388671875]","[861.4720458984375, 385.1510009765625]","[910.64990234375, 485.2721252441406]","[996.0294189453125, 668.6192626953125]"
"[428.154296875, 385.2215881347656]","[385.13543701171875, 485.435546875]","[289.01025390625, 668.9569091796875]","[861.9773559570312, 385.26800537109375]","[911.3139038085938, 485.5721435546875]","[997.0159301757812, 669.338623046875]"
"[428.2275085449219, 385.04083251953125]","[385.2964782714844, 485.13714599609375]","[289.3516540527344, 668.4391479492188]","[861.2986450195312, 384.95166015625]","[910.4884643554688, 484.998291015625]","[995.879150390625, 668.1766967773438]"
"[427.8105163574219, 385.09490966796875]","[384.6409912109375, 485.2297668457031]","[288.2838134765625, 668.507080078125]","[862.3589477539062, 385.1603698730469]","[911.687744140625, 485.5406494140625]","[997.3848876953125, 669.4957885742188]"
"[428.0312805175781, 385.0245056152344]","[385.02471923828125, 485.1214599609375]","[288.95361328125, 668.3978271484375]","[861.3184814453125, 384.95013427734375]","[910.4813232421875, 485.0502624511719]","[995.8289184570312, 668.3489379882812]"
"[428.1119079589844, 385.05694580078125]","[385.1186218261719, 485.1549987792969]","[289.0094299316406, 668.540283203125]","[861.4005737304688, 385.0843811035156]","[910.6715698242188, 485.1770935058594]","[996.2562866210938, 668.5423583984375]"
"[428.0729064941406, 385.049072265625]","[385.0543518066406, 485.11669921875]","[288.9958190917969, 668.2614135742188]","[861.665771484375, 385.0567932128906]","[910.8380126953125, 485.19989013671875]","[996.1875610351562, 668.55517578125]"
"[427.99639892578125, 385.04974365234375]","[384.9651184082031, 485.1698913574219]","[288.8595886230469, 668.466064453125]","[861.3657836914062, 384.92486572265625]","[910.5016479492188, 485.0465393066406]","[995.7911987304688, 668.369384765625]"
"[428.0295104980469, 384.94329833984375]","[385.0321044921875, 485.1429138183594]","[288.9623107910156, 668.6227416992188]","[861.9232788085938, 384.7558288574219]","[911.2965698242188, 485.03875732421875]","[997.0715942382812, 668.7862548828125]"
"[427.9551086425781, 385.0281982421875]","[384.8954162597656, 485.15509033203125]","[288.73614501953125, 668.44287109375]","[862.0254516601562, 385.0511474609375]","[911.3447265625, 485.3437194824219]","[997.010986328125, 669.0927734375]"
"[426.841796875, 384.89056396484375]","[383.3963317871094, 484.3529968261719]","[287.0263977050781, 665.5241088867188]","[860.9899291992188, 385.2737731933594]","[909.14208984375, 485.1710510253906]","[992.3401489257812, 667.4874877929688]"
"[428.0229797363281, 385.0258483886719]","[384.99609375, 485.086669921875]","[288.9107971191406, 668.2384033203125]","[861.6000366210938, 385.08807373046875]","[910.7792358398438, 485.2301940917969]","[996.149169921875, 668.5990600585938]"
"[428.060791015625, 385.0690002441406]","[385.0255126953125, 485.1458740234375]","[288.9557189941406, 668.2559204101562]","[862.0415649414062, 385.12664794921875]","[911.26611328125, 485.352783203125]","[996.710205078125, 668.8714599609375]"
"[427.8365783691406, 385.0272521972656]","[384.64520263671875, 484.8149719238281]","[288.5058898925781, 666.985595703125]","[862.0813598632812, 385.19732666015625]","[910.8424682617188, 485.24603271484375]","[995.2830200195312, 668.1165771484375]"
"[427.70062255859375, 385.03558349609375]","[384.58612060546875, 485.2041320800781]","[288.3498229980469, 668.51513671875]","[862.2132568359375, 385.1298522949219]","[911.5821533203125, 485.5840759277344]","[997.3547973632812, 669.6807250976562]"
"[427.8462219238281, 384.9999084472656]","[384.7545166015625, 484.96624755859375]","[288.6466064453125, 667.7314453125]","[862.4320068359375, 385.2715148925781]","[911.6707763671875, 485.56683349609375]","[997.1275634765625, 669.2064208984375]"
"[428.00213623046875, 385.04071044921875]","[384.977783203125, 485.1053161621094]","[288.90936279296875, 668.2424926757812]","[861.5964965820312, 385.1169128417969]","[910.7686767578125, 485.2796630859375]","[996.1217041015625, 668.6787109375]"
"[428.03759765625, 385.038330078125]","[385.0209045410156, 485.0941467285156]","[288.9564514160156, 668.239013671875]","[861.4702758789062, 385.08984375]","[910.61962890625, 485.2055969238281]","[995.929443359375, 668.5095825195312]"
"[427.96484375, 385.0769348144531]","[384.94647216796875, 485.0617980957031]","[288.944091796875, 667.9557495117188]","[861.389404296875, 385.2518310546875]","[910.4337158203125, 485.3507385253906]","[995.5089111328125, 668.533447265625]"
"[427.94854736328125, 385.04840087890625]","[384.8891296386719, 485.0740051269531]","[288.8002624511719, 668.0606079101562]","[861.5411987304688, 385.1168212890625]","[910.6051635742188, 485.25250244140625]","[995.7286987304688, 668.5357055664062]"
"[427.9912414550781, 385.07989501953125]","[384.9806823730469, 485.137451171875]","[288.93548583984375, 668.2762451171875]","[861.2965698242188, 385.1512756347656]","[910.41015625, 485.2625427246094]","[995.647705078125, 668.539306640625]"
"[428.0274353027344, 385.07940673828125]","[385.02667236328125, 485.1443786621094]","[288.9927673339844, 668.3082275390625]","[861.3309326171875, 385.1505432128906]","[910.4624633789062, 485.26385498046875]","[995.7360229492188, 668.5506591796875]"
"[428.0237731933594, 384.9764404296875]","[385.0328369140625, 484.9656066894531]","[289.0782165527344, 667.8978271484375]","[861.0289916992188, 384.85357666015625]","[909.9906616210938, 484.8254699707031]","[994.8995971679688, 667.7310180664062]"
"[428.07855224609375, 385.0449523925781]","[385.0881652832031, 485.1294250488281]","[289.0604248046875, 668.3565063476562]","[861.310546875, 385.06103515625]","[910.452880859375, 485.1650390625]","[995.7516479492188, 668.4440307617188]"
"[428.0932922363281, 385.02490234375]","[385.1047058105469, 485.1018371582031]","[289.07470703125, 668.3253784179688]","[861.2998657226562, 385.0434265136719]","[910.444580078125, 485.132568359375]","[995.7494506835938, 668.3870239257812]"
"[428.14263916015625, 385.0752868652344]","[385.1829528808594, 484.9075012207031]","[289.3070068359375, 667.4728393554688]","[861.49951171875, 385.5802001953125]","[910.540283203125, 485.5775146484375]","[995.5849609375, 668.5159912109375]"
"[427.8111267089844, 384.8691101074219]","[384.7340087890625, 484.6431884765625]","[288.75799560546875, 666.89306640625]","[861.6741943359375, 385.11260986328125]","[910.5615234375, 485.1341247558594]","[995.2748413085938, 668.0336303710938]"
"[428.0408630371094, 385.06475830078125]","[385.0553283691406, 485.1726989746094]","[289.0300598144531, 668.45458984375]","[861.3614501953125, 385.0709533691406]","[910.5525512695312, 485.2190856933594]","[995.954345703125, 668.61279296875]"
"[428.0422058105469, 385.0370178222656]","[385.0357666015625, 485.0451354980469]","[289.0224914550781, 668.0480346679688]","[861.342041015625, 385.10693359375]","[910.4138793945312, 485.1706237792969]","[995.5546264648438, 668.3170166015625]"
"[427.8702697753906, 385.003662109375]","[384.758056640625, 484.8902587890625]","[288.66656494140625, 667.4285278320312]","[862.0387573242188, 385.1688537597656]","[911.049072265625, 485.3069152832031]","[996.0297241210938, 668.5205688476562]"
"[428.03802490234375, 385.0513000488281]","[385.0337219238281, 485.0748596191406]","[289.0376892089844, 668.0791015625]","[861.4462890625, 385.1282958984375]","[910.5316162109375, 485.23529052734375]","[995.694580078125, 668.4598999023438]"
"[428.0673828125, 385.1155090332031]","[385.05010986328125, 485.17218017578125]","[289.029541015625, 668.2528076171875]","[860.86474609375, 385.2499694824219]","[909.7600708007812, 485.28985595703125]","[994.5438232421875, 668.2994995117188]"
"[428.00543212890625, 384.9665832519531]","[384.9664001464844, 484.8734130859375]","[288.9602355957031, 667.5625610351562]","[861.3892211914062, 385.0334167480469]","[910.3260498046875, 485.0130920410156]","[995.1666259765625, 667.8944702148438]"
"[428.0692138671875, 385.0148010253906]","[385.04571533203125, 484.985595703125]","[289.0362548828125, 667.8477783203125]","[861.5375366210938, 385.0994873046875]","[910.5721435546875, 485.1581726074219]","[995.6216430664062, 668.2516479492188]"
"[428.0812072753906, 385.08209228515625]","[385.06671142578125, 485.112548828125]","[289.0399169921875, 668.1426391601562]","[861.59716796875, 385.1931457519531]","[910.7094116210938, 485.3131408691406]","[995.9268188476562, 668.57470703125]"
"[428.0758972167969, 385.1976013183594]","[385.04010009765625, 485.2725830078125]","[288.9624938964844, 668.386474609375]","[861.9735107421875, 385.46710205078125]","[911.1879272460938, 485.7226257324219]","[996.6160888671875, 669.2952270507812]"
"[428.08697509765625, 385.0191955566406]","[385.0758972167969, 485.02587890625]","[289.034912109375, 668.062255859375]","[861.237548828125, 385.04449462890625]","[910.2776489257812, 485.0457458496094]","[995.3565673828125, 668.0623168945312]"
"[428.0791320800781, 385.0418701171875]","[385.06805419921875, 485.0845642089844]","[289.02630615234375, 668.1837768554688]","[861.4570922851562, 385.08526611328125]","[910.5730590820312, 485.1773376464844]","[995.8084716796875, 668.4075317382812]"
"[427.96612548828125, 385.08355712890625]","[384.9186706542969, 485.0767517089844]","[288.8630065917969, 667.9859008789062]","[861.3748168945312, 385.1985168457031]","[910.376220703125, 485.2792663574219]","[995.3662109375, 668.41357421875]"
"[428.046630859375, 385.0654296875]","[385.0310974121094, 485.1314697265625]","[288.9833068847656, 668.2756958007812]","[861.274169921875, 385.004638671875]","[910.3312377929688, 485.06280517578125]","[995.4449462890625, 668.19580078125]"
"[428.0300598144531, 385.0948181152344]","[385.0120849609375, 485.1283264160156]","[288.9847412109375, 668.1636352539062]","[861.3292236328125, 385.17864990234375]","[910.3754272460938, 485.2702941894531]","[995.4629516601562, 668.4537963867188]"
"[427.9743957519531, 385.0684814453125]","[384.93994140625, 485.0826416015625]","[288.8897399902344, 668.06640625]","[861.3405151367188, 385.17633056640625]","[910.3772583007812, 485.2677917480469]","[995.4454956054688, 668.44921875]"
"[428.01007080078125, 385.0417175292969]","[384.977783203125, 485.0531311035156]","[288.9294738769531, 668.030029296875]","[861.5421752929688, 385.1353454589844]","[910.6278686523438, 485.244873046875]","[995.7926635742188, 668.4804077148438]"
"[428.0503845214844, 385.17034912109375]","[385.0054016113281, 485.4122619628906]","[288.78277587890625, 669.0691528320312]","[862.1175537109375, 385.3166198730469]","[911.59619140625, 485.7157897949219]","[997.6165161132812, 669.7887573242188]"
"[427.9820251464844, 385.06085205078125]","[384.9512939453125, 485.0630187988281]","[288.9176330566406, 668.0031127929688]","[861.4962768554688, 385.1659240722656]","[910.56396484375, 485.27532958984375]","[995.6898193359375, 668.4976196289062]"
"[427.9388427734375, 384.993896484375]","[384.85467529296875, 484.9669494628906]","[288.7192077636719, 667.8523559570312]","[861.6417846679688, 385.1048278808594]","[910.7067260742188, 485.2066650390625]","[995.8333129882812, 668.4337158203125]"
"[427.958251953125, 385.02130126953125]","[384.9395446777344, 485.00860595703125]","[288.8934326171875, 667.9835205078125]","[861.548095703125, 385.14398193359375]","[910.7135620117188, 485.25250244140625]","[996.0509033203125, 668.5457153320312]"
"[427.9337463378906, 385.04400634765625]","[384.8782653808594, 485.02423095703125]","[288.8066101074219, 667.9073486328125]","[861.5262451171875, 385.168212890625]","[910.57763671875, 485.27392578125]","[995.6712646484375, 668.4869384765625]"
"[427.8608703613281, 385.04095458984375]","[384.7138671875, 485.1457214355469]","[288.3579406738281, 668.4500122070312]","[861.712646484375, 385.14630126953125]","[910.90087890625, 485.3347473144531]","[996.3161010742188, 668.855224609375]"
"[427.9511413574219, 385.0289001464844]","[384.90826416015625, 485.0115051269531]","[288.8547668457031, 667.9116821289062]","[861.458251953125, 385.1273193359375]","[910.5064086914062, 485.2134094238281]","[995.5934448242188, 668.3862915039062]"
"[427.9664611816406, 385.032958984375]","[384.92340087890625, 485.00152587890625]","[288.9036560058594, 667.8068237304688]","[861.689208984375, 385.1561279296875]","[910.7428588867188, 485.2832946777344]","[995.8265380859375, 668.5115356445312]"
"[427.982177734375, 385.0501708984375]","[384.9525146484375, 485.0412902832031]","[288.91827392578125, 667.966064453125]","[861.4574584960938, 385.16156005859375]","[910.51708984375, 485.2508850097656]","[995.6265869140625, 668.4313354492188]"
"[428.02581787109375, 385.01043701171875]","[385.0832214355469, 485.07708740234375]","[289.1452331542969, 668.2706909179688]","[861.2683715820312, 385.0377197265625]","[910.4707641601562, 485.1439514160156]","[995.8865356445312, 668.4437866210938]"
"[427.97015380859375, 385.10321044921875]","[384.8760070800781, 485.2882080078125]","[288.5779113769531, 668.8041381835938]","[862.3366088867188, 385.3153076171875]","[911.8322143554688, 485.7343444824219]","[997.8906860351562, 669.8704223632812]"
"[427.879150390625, 385.0282287597656]","[384.8109130859375, 485.13525390625]","[288.6359558105469, 668.3867797851562]","[861.8172607421875, 385.1549987792969]","[911.0910034179688, 485.42724609375]","[996.6678466796875, 669.1201782226562]"
"[428.0370178222656, 385.0312194824219]","[385.0408020019531, 485.0068359375]","[289.0816345214844, 667.8938598632812]","[861.2098388671875, 385.0138244628906]","[910.1996459960938, 485.01885986328125]","[995.16064453125, 667.9913940429688]"
"[428.02227783203125, 385.1489562988281]","[385.07733154296875, 485.5414733886719]","[288.96405029296875, 669.6475830078125]","[861.5582275390625, 385.079345703125]","[911.1516723632812, 485.5177917480469]","[997.4379272460938, 669.7659301757812]"
"[428.2232666015625, 385.0527648925781]","[385.34881591796875, 485.01885986328125]","[289.625, 667.8992309570312]","[860.2090454101562, 385.0291748046875]","[908.9563598632812, 484.8127136230469]","[993.4048461914062, 667.1858520507812]"
"[427.9848327636719, 385.0330810546875]","[384.9620361328125, 485.1076354980469]","[288.85260009765625, 668.3489379882812]","[861.467041015625, 385.1529541015625]","[910.69580078125, 485.31787109375]","[996.1873168945312, 668.79150390625]"
"[427.857421875, 384.9011535644531]","[384.7808837890625, 484.60308837890625]","[288.8585510253906, 666.6179809570312]","[861.8240356445312, 385.211181640625]","[910.6468505859375, 485.20172119140625]","[995.2055053710938, 667.96923828125]"
"[428.11090087890625, 385.0266418457031]","[385.1302490234375, 485.0606994628906]","[289.0900573730469, 668.2649536132812]","[860.8439331054688, 385.0823974609375]","[909.9075927734375, 485.05169677734375]","[995.0621948242188, 668.0641479492188]"
"[427.8226623535156, 384.9196472167969]","[384.7157287597656, 484.80108642578125]","[288.67059326171875, 667.2742919921875]","[861.8624877929688, 384.99542236328125]","[910.791748046875, 485.11187744140625]","[995.598876953125, 668.229736328125]"
"[427.96337890625, 385.04815673828125]","[384.9184875488281, 485.0606689453125]","[288.838623046875, 668.0562744140625]","[861.4588623046875, 385.16229248046875]","[910.5386962890625, 485.2718811035156]","[995.6991577148438, 668.5195922851562]"
"[427.9725036621094, 385.01763916015625]","[384.9322204589844, 485.0221252441406]","[288.8575439453125, 667.999755859375]","[861.8135375976562, 385.1102600097656]","[911.0025634765625, 485.2674560546875]","[996.3821411132812, 668.6571044921875]"
"[427.9598388671875, 385.04449462890625]","[384.9196472167969, 485.0340881347656]","[288.8567199707031, 667.977294921875]","[861.339599609375, 385.1252136230469]","[910.3773193359375, 485.1871032714844]","[995.4491577148438, 668.3187866210938]"
"[427.892578125, 384.9061584472656]","[384.831787109375, 484.6002197265625]","[288.9419860839844, 666.59912109375]","[861.69970703125, 385.1924743652344]","[910.4851684570312, 485.1414794921875]","[994.9642944335938, 667.8028564453125]"
"[428.45233154296875, 385.0069580078125]","[385.73681640625, 485.10302734375]","[290.0404357910156, 668.7149658203125]","[860.3936157226562, 384.9385986328125]","[909.7494506835938, 484.7807922363281]","[995.5140380859375, 667.6906127929688]"
"[428.0089111328125, 385.07086181640625]","[384.9414367675781, 485.2080383300781]","[288.7252197265625, 668.6054077148438]","[861.5730590820312, 385.14837646484375]","[910.8113403320312, 485.36090087890625]","[996.33544921875, 668.9561767578125]"
"[427.8633728027344, 384.90740966796875]","[384.82830810546875, 484.8661804199219]","[288.7569580078125, 667.8363037109375]","[860.1915283203125, 384.6949462890625]","[908.9903564453125, 484.504150390625]","[993.6034545898438, 667.092529296875]"
"[427.9900207519531, 385.03826904296875]","[384.9508056640625, 485.0494079589844]","[288.8714294433594, 668.0618896484375]","[861.4308471679688, 385.1262512207031]","[910.5133666992188, 485.21148681640625]","[995.6805419921875, 668.416259765625]"
"[428.0007019042969, 385.0406799316406]","[384.94921875, 485.03955078125]","[288.8479919433594, 668.0233764648438]","[861.5451049804688, 385.12396240234375]","[910.6365356445312, 485.20587158203125]","[995.8201293945312, 668.4078369140625]"
"[427.9558410644531, 385.0746154785156]","[384.9227600097656, 485.1649169921875]","[288.7995300292969, 668.4422607421875]","[861.0261840820312, 385.0843505859375]","[910.1183471679688, 485.17034912109375]","[995.3358764648438, 668.4339599609375]"
"[428.03912353515625, 385.03143310546875]","[385.0293884277344, 485.0323791503906]","[289.0231018066406, 667.9924926757812]","[861.5473022460938, 385.1488952636719]","[910.66015625, 485.26385498046875]","[995.8809204101562, 668.5228881835938]"
"[428.0020751953125, 385.04473876953125]","[384.9598083496094, 485.0660400390625]","[288.8675842285156, 668.1127319335938]","[861.3978881835938, 385.1213073730469]","[910.47802734375, 485.20587158203125]","[995.6449584960938, 668.4163818359375]"
"[427.9691467285156, 385.0461730957031]","[384.9263610839844, 485.0466613769531]","[288.86175537109375, 668.0037841796875]","[861.3781127929688, 385.1152038574219]","[910.416259765625, 485.19146728515625]","[995.4879150390625, 668.3488159179688]"
"[427.8818359375, 385.211181640625]","[384.807861328125, 485.2408752441406]","[288.69921875, 668.2130737304688]","[861.6156616210938, 385.4889221191406]","[910.7041015625, 485.7120666503906]","[995.8807373046875, 669.1775512695312]"
"[428.0397033691406, 385.0506896972656]","[385.0263977050781, 485.0364990234375]","[288.9789733886719, 668.0408935546875]","[861.1748657226562, 385.1495361328125]","[910.226806640625, 485.1593017578125]","[995.3375854492188, 668.2133178710938]"
"[428.0351257324219, 385.01007080078125]","[385.0025939941406, 485.06494140625]","[288.894287109375, 668.2406005859375]","[861.371826171875, 385.0417175292969]","[910.5087890625, 485.1381530761719]","[995.8059692382812, 668.4249267578125]"
"[428.0230712890625, 385.0045471191406]","[384.9741516113281, 484.9985656738281]","[288.8955078125, 667.9476318359375]","[861.455810546875, 385.02374267578125]","[910.4909057617188, 485.0762939453125]","[995.5548095703125, 668.1861572265625]"
"[428.24151611328125, 385.253662109375]","[385.15533447265625, 485.6452331542969]","[288.7747802734375, 669.6874389648438]","[863.2493286132812, 385.5654602050781]","[913.0781860351562, 486.2710876464844]","[999.83740234375, 671.1419067382812]"
"[428.00018310546875, 384.98681640625]","[384.9559020996094, 485.0265197753906]","[288.8623046875, 668.1141967773438]","[861.244873046875, 384.8492431640625]","[910.271728515625, 484.87579345703125]","[995.3292846679688, 667.9511108398438]"
"[427.9036560058594, 384.9755554199219]","[384.8224182128906, 485.1589660644531]","[288.5522766113281, 668.6929321289062]","[861.9677734375, 384.98162841796875]","[911.4202880859375, 485.3474426269531]","[997.4058837890625, 669.3935546875]"
"[427.9493103027344, 385.0437927246094]","[384.8941650390625, 485.046142578125]","[288.8030700683594, 668.0104370117188]","[861.430419921875, 385.1443176269531]","[910.4835205078125, 485.2408142089844]","[995.5889892578125, 668.4513549804688]"
"[427.9525146484375, 385.0827941894531]","[384.94610595703125, 485.0203857421875]","[289.0040283203125, 667.75732421875]","[861.4382934570312, 385.28338623046875]","[910.4552001953125, 485.3717041015625]","[995.460205078125, 668.49560546875]"
"[427.9370422363281, 385.0554504394531]","[384.8826904296875, 485.02728271484375]","[288.8221130371094, 667.8800659179688]","[861.4539794921875, 385.1716613769531]","[910.466064453125, 485.2521667480469]","[995.4752197265625, 668.3890991210938]"
"[428.024658203125, 385.0342712402344]","[385.060546875, 484.95989990234375]","[289.13385009765625, 667.7939453125]","[861.2730102539062, 385.3473815917969]","[910.379150390625, 485.39947509765625]","[995.5874633789062, 668.532470703125]"
"[427.9876708984375, 385.1004943847656]","[385.000244140625, 485.1026611328125]","[288.9716491699219, 668.2083129882812]","[860.6548461914062, 385.22906494140625]","[909.6677856445312, 485.19512939453125]","[994.7184448242188, 668.176513671875]"
"[427.5425720214844, 385.2173767089844]","[384.2606506347656, 485.4172668457031]","[287.6694641113281, 668.8563842773438]","[862.2850341796875, 385.5981750488281]","[911.63525390625, 486.1732482910156]","[997.4215087890625, 670.598876953125]"
"[427.95416259765625, 385.0716857910156]","[384.9173278808594, 485.0736999511719]","[288.88262939453125, 667.994384765625]","[861.4944458007812, 385.1918029785156]","[910.54833984375, 485.31414794921875]","[995.6441650390625, 668.5509033203125]"
"[428.06109619140625, 385.02716064453125]","[385.1051330566406, 485.02520751953125]","[289.2000427246094, 667.9808959960938]","[861.4122314453125, 385.0245361328125]","[910.5185546875, 485.07177734375]","[995.7109985351562, 668.1659545898438]"
"[428.0072937011719, 385.0549621582031]","[385.00628662109375, 485.08111572265625]","[289.0023498535156, 668.1261596679688]","[861.1119384765625, 385.0773620605469]","[910.135986328125, 485.11639404296875]","[995.1813354492188, 668.193603515625]"
"[427.90399169921875, 385.0936584472656]","[384.806884765625, 485.04644775390625]","[288.7040710449219, 667.7841186523438]","[861.7120361328125, 385.24432373046875]","[910.6885375976562, 485.35687255859375]","[995.6107177734375, 668.515625]"
"[428.0355529785156, 385.0543518066406]","[385.0376892089844, 485.05938720703125]","[289.0458984375, 668.05810546875]","[861.0379028320312, 385.0567321777344]","[910.0255126953125, 485.0546569824219]","[994.9947509765625, 668.0328979492188]"
"[428.07989501953125, 385.12213134765625]","[385.0838928222656, 485.26629638671875]","[289.04022216796875, 668.6109619140625]","[861.4129638671875, 385.068603515625]","[910.5823974609375, 485.2268371582031]","[995.93603515625, 668.62060546875]"
